Gender,Age,Debt,Married,BankCustomer,Industry,Ethnicity,YearsEmployed,PriorDefault,Employed,CreditScore,DriversLicense,Citizen,Income,Approved
1,3.4604092412940015,0.0,1,1,11,3,0.8109302162163288,1,1,0.6931471805599453,0,0,0.0,1
0,4.088829381533991,1.6974487897568138,1,1,9,2,1.3962446919730587,1,1,1.9459101490553132,0,0,6.329720905522696,1
0,3.2386784521643803,0.4054651081081644,1,1,9,2,0.9162907318741551,1,0,0.0,0,0,6.715383386334682,1
1,3.3614165116503107,0.9321640810304452,1,1,11,3,1.55814461804655,1,1,1.791759469228055,1,0,1.3862943611198906,1
1,3.0525850851467737,1.890850371872286,1,1,11,3,0.9969486348916096,1,0,0.0,0,2,0.0,1
1,3.4989288701554906,1.6094379124341003,1,1,8,3,1.252762968495368,1,0,0.0,1,0,0.0,1
1,3.5313480661272005,0.712949807856125,1,1,10,2,2.0149030205422647,1,0,0.0,1,0,10.350925992121716,1
0,3.1747149290824312,2.5325056285872796,1,1,1,3,0.03922071315328133,1,0,0.0,0,0,7.2078598714324755,1
1,4.014940539434833,0.4054651081081644,0,0,7,2,1.6014057407368363,1,0,0.0,0,0,5.752572638825633,1
1,3.7727609380946383,1.7774914974303502,0,0,11,3,1.4267162756188059,1,0,0.0,1,0,7.274479558773871,1
1,3.138966441639899,0.6043159668533296,1,1,0,2,1.1521530555961395,0,0,0.0,1,0,0.0,1
1,3.431403223719221,1.0420419371797154,1,1,0,2,1.6742888847537167,1,0,0.0,0,0,5.303304908059076,1
0,3.6699514442284173,1.9459101490553132,1,1,7,3,0.6931471805599453,1,0,0.0,1,0,0.0,1
1,3.8934516198427107,1.951608170169951,1,1,7,3,0.03922071315328133,0,0,0.0,0,0,7.897668150726906,1
0,3.84652402319545,2.4423470353692043,1,1,9,3,1.791759469228055,1,1,2.0794415416798357,1,0,0.0,1
1,3.62886402170395,1.6891728804529538,0,0,7,3,0.22314355131420976,1,1,2.3978952727983707,1,0,0.0,1
1,3.3758795736778655,0.6286086594223741,1,1,8,3,0.6729444732424258,1,1,1.3862943611198906,1,0,0.0,1
0,3.188416617383492,1.927891643552635,1,1,9,3,1.42791603581071,1,1,2.3978952727983707,0,0,5.5053315359323625,1
1,3.1280754605417043,0.22314355131420976,1,1,2,2,0.5098251234324072,1,0,0.0,1,0,0.0,1
0,3.0041963519661206,2.2601993764976083,1,1,1,2,0.5596157879354227,1,1,2.0794415416798357,0,0,0.0,1
1,3.258096538021482,2.505525936990736,1,1,0,3,1.252762968495368,1,1,2.8903717578961645,0,0,7.097548850614793,1
1,3.188416617383492,0.6931471805599453,1,1,0,3,0.6070444815065336,1,0,0.0,0,2,0.0,1
0,3.886705197443856,2.1972245773362196,1,1,0,3,2.1832383353614797,1,1,1.9459101490553132,1,0,7.13966033596492,1
0,3.3470931226689546,2.740840023925201,1,1,12,2,1.4073217283119661,1,1,0.6931471805599453,0,0,2.4849066497880004,1
0,3.741709067758469,2.0149030205422647,1,1,9,3,0.4054651081081644,1,1,1.3862943611198906,1,0,0.0,1
0,2.8231630082027146,0.4605844073292439,1,1,0,2,0.9162907318741551,1,1,1.0986122886681098,0,0,0.0,1
0,3.871201010907891,2.6390573296152584,1,1,5,0,1.8188881366163077,1,1,2.302585092994046,1,0,0.0,1
1,4.05317528518403,2.970414465569701,1,1,2,0,2.772588722239781,1,1,2.8903717578961645,1,0,0.0,1
1,4.0676582969595945,2.2512917986064953,1,1,3,2,2.0794415416798357,1,1,1.3862943611198906,0,0,0.0,1
1,3.7630588522881876,0.712949807856125,1,1,11,3,1.791759469228055,1,1,1.9459101490553132,1,0,9.210440366976515,1
1,3.4094961844768505,2.759376828267551,1,1,1,3,1.7984040119467235,1,1,1.791759469228055,1,0,0.0,1
1,3.7612001156935624,2.378619779270043,1,1,12,2,2.1927702269868394,1,1,2.1972245773362196,0,0,0.0,1
1,3.9219733362813143,2.150016494349439,1,1,5,0,2.150016494349439,1,1,2.772588722239781,1,0,8.517393171418904,1
0,3.630985475695034,1.8123787564307907,1,1,3,3,1.791759469228055,1,0,0.0,1,0,8.294299608857235,1
0,3.160398895109225,2.463853240590168,1,1,9,3,0.34712953109520095,1,1,1.791759469228055,1,0,6.329720905522696,1
1,3.3614165116503107,0.9162907318741551,1,1,11,3,1.0986122886681098,1,1,2.4849066497880004,1,0,3.58351893845611,1
1,3.34109345759245,0.9497255079603925,1,1,1,2,1.0420419371797154,1,1,2.5649493574615367,1,0,6.570882962339584,1
0,3.1780538303479458,2.545531271604435,1,1,12,2,0.4054651081081644,1,1,1.0986122886681098,1,0,6.313548046277095,1
1,3.3586377672433594,0.4605844073292439,0,0,1,3,0.22314355131420976,1,1,1.0986122886681098,0,0,6.2166061010848646,1
1,4.017823424314357,2.3432470747129353,1,1,4,1,2.7353410613381137,1,1,2.4849066497880004,1,0,5.707110264748875,1
1,3.560193446485891,2.3194422100604686,1,1,0,3,1.7047480922384253,1,1,2.5649493574615367,1,0,5.402677381872279,1
1,3.3985271531062766,2.772588722239781,1,1,0,2,1.8460898137731026,1,1,2.4849066497880004,0,0,7.7336835707759,1
1,3.4232849781261603,0.8816992871045359,1,1,11,2,0.5596157879354227,1,1,0.6931471805599453,0,0,4.61512051684126,1
1,3.7032753343976683,2.7023674179667116,1,1,11,3,2.264363880173848,1,1,1.9459101490553132,1,0,0.0,1
1,4.050392674692918,3.367295829986474,0,0,0,3,3.3843902633457743,1,1,3.713572066704308,0,0,2.772588722239781,1
1,4.013315256910019,2.0476928433652555,1,1,0,2,1.2878542883066382,1,1,2.4849066497880004,1,0,5.652489180268651,1
0,3.7376696182833684,1.1118575154181303,0,0,9,2,0.11778303565638346,1,1,3.1780538303479458,1,0,7.1204443723924875,1
1,3.494080375808869,1.6974487897568138,1,1,1,2,1.951608170169951,1,1,1.3862943611198906,0,0,5.707110264748875,1
1,3.7495040759303713,0.9321640810304452,1,1,5,0,1.5040773967762742,0,0,0.0,0,0,0.0,1
1,3.2156706939192525,0.5098251234324072,1,1,0,3,0.1527210870176639,0,0,0.0,0,0,0.0,1
0,3.2865344733420154,0.4054651081081644,1,1,0,2,0.6286086594223741,1,0,0.0,1,0,0.0,1
1,3.295836866004329,0.6931471805599453,1,1,9,3,1.0116009116784799,1,0,0.0,1,0,0.0,1
1,3.6485781573404106,1.1118575154181303,1,1,11,3,0.03922071315328133,1,0,0.0,1,0,8.665785595466065,1
1,3.581294243433999,1.252762968495368,1,1,11,3,0.0,1,0,0.0,1,0,5.303304908059076,1
1,3.5624655292582776,1.3862943611198906,1,1,1,2,2.130015827642769,1,0,0.0,1,0,0.0,1
1,3.191710156795431,2.5356789751614235,0,0,11,3,0.6070444815065336,1,0,0.0,1,0,5.707110264748875,1
1,3.185112194715392,0.0,1,1,1,3,0.08157998699242285,1,0,0.0,0,0,0.0,1
1,3.8139690649527576,0.4054651081081644,1,1,5,2,1.791759469228055,1,0,0.0,1,0,0.0,1
1,3.5882300459640066,1.7047480922384253,1,1,12,2,1.9095425048844386,0,0,0.0,1,2,0.0,1
1,3.7898553714539385,1.3862943611198906,1,1,9,2,1.9459101490553132,1,1,2.4849066497880004,0,0,0.0,1
1,4.056123349401903,2.583997552432231,1,1,8,3,0.8109302162163288,1,1,1.6094379124341003,1,0,0.0,1
1,3.486457225612979,2.8428724269096555,1,1,2,3,1.3862943611198906,1,1,2.302585092994046,0,0,6.594413459749778,1
0,3.1954024686825586,0.5822156198526637,0,0,9,3,0.9162907318741551,1,1,1.0986122886681098,1,0,5.993961427306569,1
0,3.064325065019603,0.6070444815065336,1,1,9,3,0.9497255079603925,1,1,0.6931471805599453,0,0,0.0,1
1,3.3203487937988347,1.6582280766035324,1,1,1,3,1.665818245870208,1,1,0.6931471805599453,1,0,0.0,1
1,3.560193446485891,0.9321640810304452,1,1,1,3,0.9321640810304452,1,1,0.6931471805599453,1,0,10.819798284210286,1
0,3.6109179126442243,0.6931471805599453,1,1,0,3,1.0986122886681098,1,1,2.4849066497880004,0,0,6.124683390894205,1
1,3.2771447329921766,0.3184537311185346,1,1,8,3,0.22314355131420976,1,1,1.3862943611198906,0,0,9.62304587173984,1
1,3.01651481273652,2.0149030205422647,1,1,11,2,0.9001613499442714,1,1,2.0794415416798357,0,0,7.991253929840198,1
1,3.5882300459640066,3.262892710284975,1,1,12,2,0.965080896043587,1,1,0.6931471805599453,1,0,6.2166061010848646,1
1,3.506457892319648,2.1400661634962708,1,1,3,0,0.9497255079603925,1,0,0.0,1,2,0.0,0
1,3.5787855313168624,1.6094379124341003,1,1,2,0,2.6026896854443837,1,0,0.0,1,0,0.0,0
0,3.6783239401744194,1.791759469228055,1,1,1,3,2.6741486494265287,1,0,0.0,1,0,0.0,0
1,3.812202670145935,0.4054651081081644,1,1,8,3,2.463853240590168,1,0,0.0,0,2,0.0,0
1,3.8249388985210326,2.0794415416798357,0,0,0,3,0.965080896043587,0,0,0.0,0,0,1.0986122886681098,0
1,3.075928815548268,1.8389610707123492,1,1,9,3,0.3184537311185346,1,1,0.6931471805599453,0,0,0.0,0
1,3.557631167503982,2.0149030205422647,1,1,1,3,0.11778303565638346,1,0,0.0,1,0,0.0,0
0,3.0041963519661206,0.4605844073292439,0,0,1,3,0.4605844073292439,1,0,0.0,1,0,0.0,0
1,3.1210424645194377,0.7724203614544531,0,0,7,3,1.252762968495368,1,1,0.6931471805599453,0,0,3.044522437723423,0
1,3.1135153092103742,2.3749057545736716,1,1,0,3,0.22314355131420976,1,0,0.0,0,0,0.0,0
1,3.923556241241819,2.995732273553991,1,1,4,1,0.0,1,1,0.6931471805599453,0,0,0.0,0
0,3.3558512798952784,0.9162907318741551,1,1,8,3,1.0986122886681098,1,0,0.0,0,2,0.0,0
1,3.709417105331484,0.4054651081081644,1,1,8,3,0.22314355131420976,1,0,0.0,0,2,0.0,0
0,3.5170525773686716,1.5040773967762742,1,1,2,3,1.3862943611198906,1,0,0.0,1,0,0.0,0
1,3.34109345759245,0.4855078157817008,1,1,1,3,0.37500590062345585,1,0,0.0,1,0,0.0,0
1,3.642049866757138,1.6094379124341003,1,1,0,0,1.791759469228055,1,0,0.0,1,2,0.0,0
1,3.4237353667258876,0.3184537311185346,1,1,2,3,0.6286086594223741,1,0,0.0,1,2,0.0,0
1,3.283539338193923,1.1662709371419244,0,0,1,3,1.6094379124341003,1,0,0.0,0,0,0.0,0
1,3.5553480614894135,1.7047480922384253,1,1,1,3,0.6931471805599453,1,0,0.0,1,0,0.0,0
0,3.912023005428146,0.9162907318741551,1,1,6,1,0.0,1,0,0.0,1,0,3.332204510175204,0
1,4.151039905898646,2.6210388241125804,0,0,0,2,1.791759469228055,1,0,0.0,0,0,0.0,0
1,3.4787755163075302,2.803360380906535,1,1,0,3,0.4054651081081644,1,0,0.0,0,0,0.0,0
1,3.724554515972127,1.791759469228055,0,0,1,3,2.2512917986064953,1,0,0.0,0,0,0.0,0
1,3.976499024612511,0.8649974374866045,0,0,0,2,2.347558458636777,1,0,0.0,1,0,4.61512051684126,0
1,3.392829131991639,0.9162907318741551,0,0,0,3,0.9162907318741551,1,0,0.0,1,0,5.420534999272286,0
0,3.387098457282654,1.5129270120532567,1,1,5,0,0.4054651081081644,1,0,0.0,1,0,0.0,0
1,3.1780538303479458,0.4855078157817008,0,0,1,3,0.11778303565638346,1,0,0.0,0,0,0.6931471805599453,0
1,3.4218925419168116,0.4054651081081644,1,1,0,0,0.6070444815065336,1,0,0.0,1,2,0.0,0
0,3.1570004211501135,2.4849066497880004,0,0,9,3,1.3862943611198906,1,0,0.0,1,0,0.0,0
0,3.3843902633457743,0.6931471805599453,1,1,9,3,0.6931471805599453,1,1,1.0986122886681098,1,0,6.2166061010848646,0
1,3.6506582412937387,1.0116009116784799,0,0,0,0,0.22314355131420976,1,0,0.0,1,0,5.993961427306569,0
1,3.590439381300684,2.8622008809294686,0,0,0,3,1.6094379124341003,1,0,0.0,0,0,0.0,0
1,2.9790946324009675,1.791759469228055,1,1,9,3,0.3184537311185346,1,1,1.0986122886681098,0,0,3.6635616461296463,0
1,3.258096538021482,2.5649493574615367,1,1,7,3,1.1786549963416462,1,1,1.0986122886681098,1,0,1.791759469228055,0
1,3.3614165116503107,1.6094379124341003,0,0,5,2,1.9095425048844386,1,1,1.0986122886681098,1,0,0.0,0
1,4.022311359322269,2.803360380906535,1,1,3,1,0.0,1,1,3.044522437723423,0,0,4.875197323201151,0
1,3.392829131991639,0.7724203614544531,1,1,7,3,0.4054651081081644,1,0,0.0,0,2,0.0,0
0,3.258096538021482,2.4849066497880004,0,0,1,3,1.7047480922384253,1,0,0.0,0,0,0.0,0
1,3.7357630400127864,1.1786549963416462,0,0,12,2,2.3978952727983707,1,0,0.0,1,0,0.0,0
0,3.0325462466767075,0.5596157879354227,1,1,0,3,0.5850050219402422,1,1,1.791759469228055,1,0,1.791759469228055,0
1,3.40684805317097,1.5040773967762742,1,1,11,3,1.5040773967762742,1,1,1.3862943611198906,1,0,0.0,0
0,3.2386784521643803,0.712949807856125,0,0,4,1,0.4054651081081644,1,1,1.3862943611198906,0,0,4.997212273764115,0
1,3.2418107961506966,2.6026896854443837,1,1,11,3,0.6286086594223741,1,0,0.0,1,0,0.0,0
0,3.548179572010801,0.5596157879354227,1,1,7,0,0.6931471805599453,1,1,1.3862943611198906,1,0,0.0,0
1,3.075928815548268,0.8109302162163288,0,0,0,2,0.8649974374866045,1,1,1.3862943611198906,1,0,5.351858133476067,0
0,3.2741212990941793,0.7537718023763802,1,1,9,3,0.8285518175661484,1,1,1.0986122886681098,0,0,0.0,0
1,3.657130755799356,2.0794415416798357,1,1,9,2,2.5257286443082556,1,1,2.0794415416798357,1,0,1.791759469228055,0
1,3.979681653901961,2.0149030205422647,1,1,7,3,1.9865035460205667,1,1,2.772588722239781,0,0,9.323936878558724,1
1,4.0746519288763645,2.0844290831908747,1,1,8,3,2.70805020110221,1,1,1.9459101490553132,1,0,7.195187320178708,1
0,3.079613757534693,2.4278952839594927,1,1,1,2,0.28893129185221283,1,1,0.6931471805599453,1,0,3.9318256327243257,1
1,3.7116189410834255,1.9754689512968577,1,1,9,3,0.03922071315328133,1,1,0.6931471805599453,0,0,5.707110264748875,1
1,3.283539338193923,2.6026896854443837,1,1,1,3,0.7929925155296614,1,1,4.219507705176107,1,0,5.556828061699537,1
0,3.248434627109745,2.6026896854443837,1,1,1,3,0.9162907318741551,1,1,2.5649493574615367,1,0,6.342121418721152,1
0,3.8104331496665127,2.036664512323777,1,1,9,3,2.12525107771113,1,1,1.3862943611198906,1,0,0.0,1
0,3.1986731175506815,2.302585092994046,1,1,9,3,2.2512917986064953,1,1,1.791759469228055,1,0,0.0,1
1,3.581294243433999,1.791759469228055,1,1,12,2,2.1400661634962708,1,1,1.9459101490553132,1,0,6.90875477931522,1
1,3.885062823845363,1.252762968495368,1,1,8,0,1.252762968495368,1,1,2.5649493574615367,1,0,7.828436359157585,1
1,3.1675825304806504,2.4849066497880004,1,1,9,3,1.252762968495368,1,1,2.0794415416798357,1,0,6.697034247666484,1
1,3.5672766323546874,1.6582280766035324,1,1,5,0,1.4469189829363254,1,1,1.0986122886681098,0,0,6.415096959171596,1
0,3.3816747151732915,1.5040773967762742,1,1,11,3,0.6070444815065336,1,0,0.0,0,2,0.0,1
1,4.230476736546681,1.8718021769015913,1,1,3,1,2.6390573296152584,1,1,0.6931471805599453,1,0,0.0,1
1,3.064325065019603,1.0420419371797154,1,1,0,3,1.1786549963416462,1,1,0.6931471805599453,0,0,5.017279836814924,1
0,3.8799129515099127,2.1972245773362196,1,1,3,0,2.0149030205422647,1,1,1.9459101490553132,0,0,10.841559345471941,1
1,3.6176519448255684,1.791759469228055,1,1,0,0,1.252762968495368,1,1,1.9459101490553132,0,0,5.908082938168931,1
1,3.516607233172983,1.8718021769015913,1,1,9,2,1.8718021769015913,1,1,2.5649493574615367,1,0,6.90875477931522,1
1,3.9035875266070446,2.0149030205422647,1,1,9,2,1.9459101490553132,1,0,0.0,1,0,0.0,1
1,3.7116189410834255,0.43178241642553783,0,0,1,3,0.4054651081081644,1,1,1.3862943611198906,0,0,6.90875477931522,1
1,3.5432754802551445,1.3217558399823195,1,1,8,3,1.6582280766035324,1,1,1.9459101490553132,0,0,0.0,1
0,2.9871959425317045,2.3513752571634776,1,1,11,3,0.965080896043587,1,1,1.9459101490553132,1,0,6.398594934535208,1
0,3.329343277894172,2.6741486494265287,1,1,9,2,1.791759469228055,1,1,1.0986122886681098,0,0,8.517393171418904,1
0,3.4735180432417816,1.55814461804655,1,1,1,2,0.4855078157817008,1,1,2.302585092994046,1,0,0.0,1
0,4.051784947803305,2.833213344056216,1,1,6,1,0.0,1,1,2.772588722239781,0,0,5.5134287461649825,1
1,3.784189633918261,0.2546422183735808,0,0,1,2,1.0116009116784799,1,1,2.1972245773362196,0,0,5.929589143389895,1
1,3.1497400860333387,2.4849066497880004,1,1,11,3,1.0986122886681098,1,1,0.6931471805599453,0,0,5.631211781821365,1
1,3.34109345759245,0.9802040576178078,1,1,1,2,1.8058267264394905,1,1,2.302585092994046,0,0,6.7190131543852605,1
1,3.521347982792617,1.252762968495368,1,1,1,2,1.3217558399823195,1,1,1.9459101490553132,0,0,7.636752112435779,1
1,3.188416617383492,0.9162907318741551,1,1,9,3,1.2163953243244932,1,1,1.3862943611198906,1,0,6.368187186350493,1
0,3.7215886285236413,2.1447610078004784,0,0,9,2,2.1972245773362196,1,1,2.70805020110221,0,0,7.741099090035365,1
0,3.449987545831587,2.0149030205422647,1,1,0,0,1.6094379124341003,1,1,2.0794415416798357,1,0,8.028129059431759,1
0,3.985830932572866,2.772588722239781,1,1,0,3,1.8718021769015913,1,1,2.70805020110221,0,0,7.696667081526462,1
0,3.864302269216734,0.37843643572024505,1,1,1,2,0.34712953109520095,1,1,2.4849066497880004,1,0,1.9459101490553132,1
0,4.083115080270552,2.3978952727983707,1,1,9,3,1.6094379124341003,1,1,2.70805020110221,0,0,7.3796321526095525,1
1,3.6462328793924637,2.0149030205422647,1,1,8,2,1.6582280766035324,1,1,2.5649493574615367,1,0,0.0,1
1,3.1813816204406202,1.252762968495368,1,1,0,3,0.7347688552507647,1,1,2.4849066497880004,1,0,7.68937110752969,1
1,3.518980417318539,0.9162907318741551,1,1,1,2,1.8718021769015913,1,1,1.3862943611198906,1,0,0.0,1
0,3.1210424645194377,2.5257286443082556,0,0,6,1,0.0,1,1,2.4849066497880004,1,0,0.0,1
0,3.3843902633457743,1.3962446919730587,0,0,12,2,1.264126727145683,1,1,0.6931471805599453,0,0,0.0,1
0,4.2437698090420275,2.772588722239781,1,1,3,1,0.0,1,1,2.70805020110221,0,0,8.124743020385568,1
1,3.367295829986474,1.0986122886681098,1,1,7,2,1.641905102571602,1,1,1.0986122886681098,1,0,0.0,1
1,3.557631167503982,0.0769610411361284,0,0,8,0,0.03922071315328133,1,1,0.6931471805599453,1,0,7.601402334583733,1
1,3.3558512798952784,1.0986122886681098,1,1,12,2,0.6931471805599453,1,1,1.6094379124341003,0,0,8.92864037120195,1
1,3.8066624897703196,1.0986122886681098,1,1,8,3,1.0116009116784799,1,1,1.0986122886681098,1,0,2.772588722239781,1
1,3.261168737058452,0.9969486348916096,1,1,12,3,0.9802040576178078,1,1,0.6931471805599453,1,0,3.044522437723423,1
1,3.4965075614664802,1.0116009116784799,0,0,3,2,0.03922071315328133,1,0,0.0,1,0,0.0,1
0,4.120337142496354,2.8622008809294686,1,1,9,3,2.4849066497880004,1,0,0.0,1,0,9.26501793326688,1
0,3.7336137854541067,2.3978952727983707,1,1,9,2,1.0116009116784799,1,0,0.0,0,0,6.731018100482083,1
1,3.0120976276402556,2.3513752571634776,1,1,9,3,0.6931471805599453,1,0,0.0,1,0,5.993961427306569,1
0,3.506457892319648,0.43178241642553783,1,1,1,3,0.03922071315328133,1,0,0.0,0,0,9.321702839829644,1
1,3.62886402170395,1.4469189829363254,1,1,9,2,2.302585092994046,1,0,0.0,1,0,6.461468176353717,1
1,3.6506582412937387,0.7537718023763802,0,0,2,3,0.9162907318741551,0,0,0.0,1,0,0.0,1
0,3.261168737058452,1.264126727145683,0,0,1,3,0.22314355131420976,1,0,0.0,1,0,0.0,1
1,3.745496054532832,0.0,1,1,0,0,2.772588722239781,1,0,0.0,0,0,0.0,1
1,4.04305126783455,2.6026896854443837,1,1,7,2,2.1972245773362196,1,0,0.0,1,0,7.615298339825815,1
0,3.928486731458811,2.679993603319685,1,1,7,2,2.2512917986064953,1,0,0.0,1,0,0.0,1
1,3.164208423525893,2.4423470353692043,1,1,9,2,0.8480118911208606,1,0,0.0,0,0,0.0,1
1,3.332204510175204,0.9162907318741551,0,0,11,3,0.3184537311185346,1,0,0.0,1,0,6.97166860472579,1
1,3.258096538021482,2.6026896854443837,1,1,1,3,1.3862943611198906,1,0,0.0,1,2,0.0,1
0,3.2987954480440744,2.268511112660294,1,1,1,3,0.8816992871045359,1,0,0.0,0,0,5.017279836814924,1
0,2.9663034628631793,2.327277705584417,1,1,9,3,0.7929925155296614,1,1,1.6094379124341003,0,0,6.293419278846481,1
1,3.0525850851467737,2.2159372862683733,1,1,1,3,1.085189268335969,1,1,2.70805020110221,0,0,5.0689042022202315,1
1,3.885062823845363,0.2546422183735808,1,1,0,0,2.772588722239781,1,1,3.044522437723423,0,0,9.615872144528891,1
0,3.1023420086122493,1.204472679367587,1,1,5,0,0.4054651081081644,1,1,1.6094379124341003,0,2,0.0,1
0,3.075928815548268,1.3862943611198906,1,1,9,3,0.1527210870176639,1,1,1.3862943611198906,0,0,1.9459101490553132,1
0,4.06182137051654,3.0204248861443626,1,1,0,3,1.8718021769015913,1,1,2.0794415416798357,0,0,8.006700845440367,1
0,3.1535903581695717,1.8968699536306721,1,1,9,3,1.2767584740515836,1,1,2.0794415416798357,0,0,8.08886878916199,1
1,3.907010463604602,2.2512917986064953,1,1,0,2,2.6026896854443837,1,1,2.302585092994046,0,0,7.412160334945206,1
1,3.713572066704308,2.0149030205422647,1,1,1,0,1.5040773967762742,1,1,0.6931471805599453,0,0,6.2166061010848646,1
1,3.727619282429867,1.791759469228055,1,1,0,3,1.791759469228055,1,1,2.0794415416798357,0,0,8.028129059431759,1
0,3.3901364343027307,0.712949807856125,1,1,0,3,1.252762968495368,1,1,1.791759469228055,1,0,7.266128779556451,1
0,3.5287107019611152,1.7272209480904839,1,1,9,2,0.965080896043587,1,1,1.0986122886681098,0,0,0.0,1
1,3.1059310658520665,2.4423470353692043,1,1,0,3,1.3862943611198906,1,0,0.0,1,0,0.0,1
1,3.7612001156935624,0.18647956694261839,1,1,5,2,1.8123787564307907,1,0,0.0,0,0,0.0,1
1,3.7553691953827695,0.6729444732424258,1,1,12,3,1.252762968495368,1,0,0.0,0,0,6.398594934535208,1
1,3.164208423525893,0.9497255079603925,0,0,11,3,1.4073217283119661,1,1,1.9459101490553132,0,0,0.0,1
1,3.56953269648137,1.6174060820832772,0,0,5,0,2.2512917986064953,1,1,2.0794415416798357,1,0,0.0,1
1,3.3758795736778655,1.7984040119467235,0,0,0,0,0.9162907318741551,1,1,2.1972245773362196,1,0,2.0794415416798357,1
1,3.5313480661272005,1.4267162756188059,0,0,12,3,1.4267162756188059,1,1,1.3862943611198906,1,0,0.0,1
1,3.895283681423848,2.1546649629174235,1,1,11,2,2.803360380906535,1,1,2.5649493574615367,0,0,6.673297967767653,1
1,3.3527071725017215,1.1118575154181303,0,0,1,3,1.0986122886681098,1,1,1.3862943611198906,1,0,6.329720905522696,1
1,3.160398895109225,2.4015250408489495,1,1,12,3,0.03922071315328133,1,1,2.302585092994046,0,0,5.983936280687191,1
0,3.2220707157647195,0.4054651081081644,1,1,9,2,0.8109302162163288,1,1,0.6931471805599453,0,0,6.520621127558696,1
0,3.745496054532832,0.6931471805599453,1,1,5,0,1.1786549963416462,1,0,0.0,1,0,5.707110264748875,1
1,3.251536607107749,1.3217558399823195,1,1,0,3,1.1786549963416462,1,1,1.9459101490553132,0,0,6.398594934535208,1
0,3.079613757534693,2.4203681286504293,1,1,9,3,0.5364933705145685,1,1,1.0986122886681098,1,0,0.0,1
1,3.6197972929264925,1.1394342831883648,0,0,11,3,0.08157998699242285,1,1,0.6931471805599453,0,0,7.08002649992259,1
0,3.595118074299462,2.5649493574615367,1,1,9,2,2.70805020110221,1,1,2.1972245773362196,0,0,8.79346036105272,1
0,4.284689401784925,0.0,1,1,0,3,0.0,0,0,0.0,0,1,0.0,1
1,3.3901364343027307,2.3355361931337315,1,1,9,2,1.8968699536306721,1,1,1.9459101490553132,0,0,5.1298987149230735,1
1,3.5882300459640066,1.252762968495368,1,1,7,3,1.7047480922384253,1,1,2.0794415416798357,0,0,7.147559271189454,1
1,3.7013019741124933,1.6582280766035324,1,1,0,0,2.0149030205422647,1,1,2.833213344056216,0,0,7.099201743553092,1
1,3.697095608885277,1.927891643552635,1,1,1,2,2.3978952727983707,1,1,2.70805020110221,1,0,0.0,1
1,3.231989464013584,2.031432322493475,0,0,2,3,1.8718021769015913,1,0,0.0,1,2,0.0,1
1,4.1121844803504315,2.740840023925201,1,1,4,1,2.9444389791664403,1,1,2.772588722239781,1,0,6.90875477931522,1
1,3.1813816204406202,2.5257286443082556,1,1,5,3,1.5040773967762742,1,1,2.302585092994046,0,0,6.610696044717759,1
1,3.3203487937988347,1.3110318766193436,0,0,1,3,1.8325814637483102,1,1,0.6931471805599453,0,0,0.0,1
1,3.895283681423848,1.5040773967762742,1,1,1,3,1.5040773967762742,1,0,0.0,0,2,0.0,1
1,3.741709067758469,1.6174060820832772,1,1,1,2,2.0794415416798357,1,1,2.1972245773362196,0,0,0.0,1
1,4.041646773221652,2.5257286443082556,1,1,4,1,1.791759469228055,1,1,1.791759469228055,0,0,9.08839870117094,1
1,4.005877580899771,2.3632097148104805,1,1,3,3,2.268511112660294,1,1,1.791759469228055,0,0,0.0,1
0,2.991724252156452,2.327277705584417,0,0,0,3,0.6931471805599453,1,1,1.6094379124341003,1,0,6.2166061010848646,1
0,3.9333930311643384,2.605648267484129,1,1,1,3,1.1908875647772805,1,1,1.3862943611198906,1,0,0.0,1
1,4.1959982159486,2.4849066497880004,1,1,3,1,3.044522437723423,1,1,2.0794415416798357,1,0,0.0,1
0,2.922085733385692,2.302585092994046,1,1,1,3,0.8649974374866045,1,0,0.0,1,0,0.0,1
0,2.9871959425317045,2.355177543113216,1,1,1,3,0.08157998699242285,1,0,0.0,0,0,0.0,1
0,3.657130755799356,1.8718021769015913,1,1,9,3,0.11778303565638346,1,0,0.0,1,0,0.0,1
1,3.188416617383492,1.6094379124341003,1,1,0,0,0.22314355131420976,1,0,0.0,1,0,0.0,1
1,2.94864066602014,1.8718021769015913,1,1,7,3,0.4054651081081644,1,0,0.0,0,0,0.0,1
0,3.1570004211501135,2.2470723830637866,0,0,12,3,1.2412685890696329,0,0,0.0,0,0,0.0,1
1,3.028683373693677,0.3184537311185346,1,1,9,3,1.0986122886681098,1,1,1.0986122886681098,1,0,0.0,1
1,3.138966441639899,2.4849066497880004,1,1,1,3,0.5098251234324072,1,0,0.0,0,0,0.0,1
1,3.264613716542055,1.5040773967762742,1,1,1,3,0.4855078157817008,1,1,2.0794415416798357,0,0,8.862200330487287,1
0,3.8799129515099127,1.3862943611198906,1,1,12,3,2.6996819514316934,1,1,1.0986122886681098,1,0,7.4413203897176174,1
1,3.5409593240373143,1.0116009116784799,1,1,12,2,1.7047480922384253,1,1,1.6094379124341003,1,0,6.754604099487962,1
1,3.3558512798952784,2.691243082785829,1,1,11,3,1.9095425048844386,1,0,0.0,1,0,6.2166061010848646,1
0,4.084630870034462,3.091042453358316,1,1,5,0,2.3978952727983707,1,1,2.6390573296152584,0,0,8.81001204797317,1
0,3.075928815548268,1.0420419371797154,1,1,9,3,1.126551657357351,1,1,1.791759469228055,0,0,7.825644732219989,1
1,3.3021134234382563,0.22314355131420976,1,1,5,0,0.0,1,0,0.0,1,0,0.0,1
1,3.1059310658520665,2.1400661634962708,1,1,1,3,0.8816992871045359,1,1,0.6931471805599453,0,0,9.19023970026918,1
1,3.780318514430718,1.7272209480904839,1,1,9,3,1.7191887763932194,1,0,0.0,0,2,0.0,1
1,3.66791114767774,2.409194828052304,1,1,12,3,1.252762968495368,1,1,1.9459101490553132,0,0,5.2832037287379885,1
1,3.068052935133617,2.3978952727983707,0,0,0,3,1.252762968495368,1,0,0.0,0,2,0.0,1
1,3.8969093676180977,3.261360436474356,1,1,11,3,1.0116009116784799,1,1,1.3862943611198906,0,0,2.70805020110221,1
1,3.3786108829893595,1.791759469228055,1,1,11,3,2.4849066497880004,1,0,0.0,1,0,0.0,1
0,2.9831534913471307,2.1400661634962708,1,1,9,3,1.3110318766193436,1,1,1.791759469228055,0,0,10.193429569388753,1
1,2.970414465569701,1.0986122886681098,1,1,5,3,0.9162907318741551,1,1,1.0986122886681098,0,0,5.707110264748875,1
1,3.5313480661272005,1.3962446919730587,0,0,0,2,1.1118575154181303,1,1,0.6931471805599453,1,0,9.799681383810539,1
1,3.828641396489095,2.2512917986064953,1,1,1,2,2.70805020110221,1,1,0.6931471805599453,1,0,7.601402334583733,1
0,3.028683373693677,0.19062035960864968,1,1,9,2,0.2546422183735808,1,1,2.4849066497880004,0,0,4.605170185988092,1
2,3.2386784521643803,2.6210388241125804,1,1,0,0,1.749199854809259,1,1,1.0986122886681098,0,0,6.09807428216624,1
1,3.1280754605417043,2.4849066497880004,1,1,12,3,0.2546422183735808,1,1,1.9459101490553132,0,0,0.0,1
1,3.71965111278069,3.1135153092103742,1,1,3,1,3.044522437723423,1,1,2.4849066497880004,0,0,7.0909098220799835,1
1,3.7476199491365367,1.791759469228055,1,1,9,2,1.791759469228055,1,1,1.9459101490553132,1,0,0.0,1
0,2.9354513426690607,2.4849066497880004,1,1,12,2,0.6931471805599453,1,1,2.4849066497880004,0,0,8.006700845440367,1
1,3.185112194715392,2.495269436823547,1,1,12,2,0.37843643572024505,1,1,0.6931471805599453,0,0,0.0,1
1,3.394545844956019,0.4855078157817008,1,1,7,3,0.22314355131420976,0,0,0.0,0,0,7.606387389772652,0
1,2.9533465570575532,2.4203681286504293,1,1,0,2,0.7347688552507647,0,0,0.0,0,0,2.6390573296152584,0
1,3.044522437723423,2.488649636066835,1,1,0,3,1.0986122886681098,0,0,0.0,1,0,0.0,0
1,3.044522437723423,0.0,1,1,2,3,0.4054651081081644,0,0,0.0,0,0,0.0,0
0,3.079613757534693,2.355177543113216,1,1,5,3,0.03922071315328133,0,0,0.0,0,0,6.90875477931522,0
0,3.2386784521643803,1.0116009116784799,0,0,0,3,0.1527210870176639,0,0,0.0,0,0,0.0,0
1,3.518980417318539,1.204472679367587,1,1,2,2,1.9095425048844386,0,0,0.0,1,0,0.0,0
0,3.973494327516247,0.0,0,0,4,1,0.0,0,0,0.0,0,0,0.0,0
0,3.895283681423848,0.8480118911208606,1,1,5,1,0.28893129185221283,0,0,0.0,0,0,4.795790545596741,0
0,3.064325065019603,2.4423470353692043,0,0,12,2,0.0,0,0,0.0,1,0,3.4965075614664802,0
1,3.9464244321454784,0.4605844073292439,1,1,4,1,0.0,0,0,0.0,0,0,0.0,0
1,2.89480635496403,0.08157998699242285,0,0,0,3,0.03922071315328133,0,0,0.0,0,0,6.583409222158765,0
1,2.9616582932202395,0.7929925155296614,0,0,3,1,0.0,0,0,0.0,0,0,0.0,0
0,3.4965075614664802,1.9459101490553132,1,1,2,3,0.8109302162163288,0,0,0.0,0,0,0.0,0
1,4.105449341954206,0.9321640810304452,1,1,9,3,0.11778303565638346,1,0,0.0,1,0,0.0,1
1,2.9444389791664403,0.1527210870176639,1,1,9,1,0.19062035960864968,0,0,0.0,0,0,3.713572066704308,1
1,3.652734007477583,0.0,1,1,0,3,0.0,0,0,0.0,0,1,0.0,1
1,3.506457892319648,1.252762968495368,1,1,0,3,0.8109302162163288,0,0,0.0,1,0,0.0,0
1,2.94864066602014,2.0476928433652555,0,0,8,3,0.03922071315328133,0,0,0.0,0,0,0.0,0
1,3.6699514442284173,2.409194828052304,0,0,7,3,0.11778303565638346,0,0,0.0,0,0,0.0,0
1,3.4553698605505483,1.252762968495368,1,1,1,2,1.1786549963416462,0,0,0.0,1,2,0.0,0
1,2.974508637102364,1.9035989509835904,1,1,2,3,0.43178241642553783,0,0,0.0,0,0,0.0,0
0,3.0041963519661206,1.8586389980675997,1,1,5,2,0.2546422183735808,0,0,0.0,0,0,6.184148890937483,0
0,2.9533465570575532,2.3978952727983707,0,0,9,2,0.1527210870176639,0,0,0.0,0,0,0.0,0
1,3.2418107961506966,2.6741486494265287,0,0,4,1,0.0,0,0,0.0,0,0,0.0,0
1,2.847812143477369,0.6070444815065336,1,1,8,3,0.08157998699242285,1,0,0.0,0,2,0.0,0
1,3.0987400236282205,0.6286086594223741,0,0,0,2,0.22314355131420976,0,0,0.0,0,0,5.323009979138408,0
1,3.2156706939192525,0.4605844073292439,0,0,1,2,0.11778303565638346,0,0,0.0,0,0,0.6931471805599453,0
1,2.926917957553631,1.6974487897568138,1,1,0,3,0.22314355131420976,0,0,0.0,0,2,0.0,0
0,2.8622008809294686,0.8109302162163288,1,1,9,3,0.22314355131420976,0,1,0.6931471805599453,0,0,4.59511985013459,0
1,3.188416617383492,2.6119063405493077,1,1,0,3,0.11778303565638346,0,1,1.0986122886681098,0,0,8.622093601241607,0
1,2.922085733385692,2.3978952727983707,1,1,11,2,0.1527210870176639,0,1,0.6931471805599453,0,0,0.6931471805599453,0
0,3.3826272148928926,0.9162907318741551,1,1,4,1,0.0,0,1,1.0986122886681098,1,0,4.663439094112067,0
1,3.417726683613366,0.4574248470388755,1,1,11,3,0.2546422183735808,0,1,0.6931471805599453,0,0,7.938802248154481,0
1,2.9871959425317045,0.34712953109520095,0,0,0,3,0.1527210870176639,0,1,0.6931471805599453,0,0,0.6931471805599453,0
0,3.1245651453969594,1.0116009116784799,0,0,6,1,0.0,0,0,0.0,0,0,0.0,0
1,3.1780538303479458,0.5596157879354227,1,1,8,3,0.4054651081081644,0,0,0.0,1,2,0.0,0
0,2.9575110607337933,2.3978952727983707,1,1,11,3,0.6931471805599453,0,1,0.6931471805599453,0,0,0.6931471805599453,0
1,3.2741212990941793,0.43178241642553783,1,1,11,3,0.1527210870176639,0,1,0.6931471805599453,0,0,6.09807428216624,0
1,3.6041382256588457,1.2281774930227534,1,1,11,3,0.11778303565638346,0,1,1.0986122886681098,0,0,0.6931471805599453,0
0,2.837908188360424,0.28893129185221283,1,1,4,1,0.0,0,1,0.6931471805599453,0,0,4.844187086458591,0
0,3.494080375808869,1.4170660197866443,1,1,4,1,1.3962446919730587,0,1,1.0986122886681098,1,0,1.6094379124341003,0
1,4.250920869264197,2.302585092994046,1,1,4,1,1.6094379124341003,0,1,0.6931471805599453,0,0,1.9459101490553132,0
1,3.5240048109237025,1.252762968495368,1,1,1,3,1.0116009116784799,0,1,1.0986122886681098,1,0,0.0,0
1,2.8524391037275145,1.3217558399823195,1,1,1,3,0.5098251234324072,0,1,0.6931471805599453,0,0,3.091042453358316,0
1,3.142858338444285,2.5745188084776873,1,1,0,3,1.4667216102325051,0,1,1.0986122886681098,1,0,5.159055299214529,0
0,4.070393341399588,1.0986122886681098,1,1,4,1,2.0149030205422647,0,1,0.6931471805599453,0,0,2.3978952727983707,0
1,2.9575110607337933,0.1527210870176639,1,1,2,3,0.22314355131420976,0,0,0.0,1,2,0.0,0
1,3.1954024686825586,0.6931471805599453,1,1,0,3,0.4054651081081644,0,0,0.0,1,2,0.0,0
0,2.8284963541780774,1.3545456628053103,1,1,9,3,0.08157998699242285,0,0,0.0,0,0,0.0,0
0,3.248434627109745,2.685463702429414,1,1,9,2,0.9162907318741551,0,0,0.0,0,0,0.6931471805599453,0
1,3.907010463604602,3.308167932346963,0,0,4,1,0.0,1,0,0.0,1,0,0.0,0
1,3.1986731175506815,1.3217558399823195,1,1,4,1,1.7047480922384253,0,0,0.0,0,0,3.258096538021482,0
1,2.974508637102364,2.423917378161571,1,1,4,1,0.34712953109520095,0,0,0.0,0,0,0.0,0
1,3.3586377672433594,0.8285518175661484,1,1,7,2,0.22314355131420976,0,0,0.0,1,2,0.0,0
0,3.488902962081261,1.3862943611198906,0,0,6,1,0.0,0,0,0.0,0,0,3.044522437723423,0
0,3.251536607107749,1.7047480922384253,1,1,11,3,0.6931471805599453,0,0,0.0,1,0,1.9459101490553132,0
1,2.995732273553991,1.0116009116784799,0,0,0,3,1.204472679367587,0,0,0.0,1,0,1.9459101490553132,0
0,2.8524391037275145,0.19062035960864968,1,1,1,3,0.11778303565638346,0,0,0.0,0,0,0.6931471805599453,0
0,2.974508637102364,2.3978952727983707,1,1,2,3,0.34712953109520095,0,0,0.0,0,0,3.7612001156935624,0
1,2.847812143477369,0.0,0,0,1,3,0.22314355131420976,0,0,0.0,0,0,0.0,0
1,3.1780538303479458,0.5596157879354227,1,1,8,3,0.4054651081081644,1,0,0.0,1,2,0.0,0
1,3.0987400236282205,0.22314355131420976,0,0,0,2,0.22314355131420976,0,0,0.0,0,0,5.323009979138408,0
1,2.917770732084279,3.1354942159291497,0,1,4,1,0.0,0,0,0.0,1,1,11.51293546492023,1
1,3.0041963519661206,0.0,0,0,8,0,0.0,0,0,0.0,1,2,0.6931471805599453,1
1,3.630985475695034,0.11778303565638346,0,0,0,3,0.9162907318741551,0,0,0.0,1,0,4.736198448394496,1
1,3.1023420086122493,0.9162907318741551,1,1,11,3,0.9162907318741551,0,0,0.0,0,0,2.1972245773362196,1
0,2.94864066602014,0.3184537311185346,0,1,1,1,2.3978952727983707,0,0,0.0,1,2,0.0,1
0,3.5458747596969324,0.3184537311185346,1,1,1,3,0.3184537311185346,0,0,0.0,0,0,3.8066624897703196,1
1,3.9035875266070446,0.18647956694261839,0,0,7,3,0.22314355131420976,1,1,2.4849066497880004,0,0,7.913155185928068,1
1,3.5458747596969324,0.8109302162163288,1,1,11,3,0.7724203614544531,0,0,0.0,0,0,0.0,0
0,3.417726683613366,0.7347688552507647,0,0,12,3,0.6931471805599453,0,0,0.0,0,0,2.6390573296152584,0
1,3.439456093779246,0.7347688552507647,0,0,0,3,0.03922071315328133,0,0,0.0,0,0,5.19295685089021,0
2,3.7336137854541067,1.5040773967762742,1,1,5,0,0.4054651081081644,0,0,0.0,0,2,0.0,0
1,3.5787855313168624,1.252762968495368,0,0,11,3,1.3862943611198906,0,0,0.0,0,2,0.0,0
1,3.386695507741526,1.6094379124341003,0,0,5,3,0.08157998699242285,0,0,0.0,1,0,0.0,0
1,3.064325065019603,0.0,1,1,0,3,0.0,0,0,0.0,0,1,0.0,0
0,3.5336865647082343,1.252762968495368,0,0,0,3,1.252762968495368,0,0,0.0,1,0,1.0986122886681098,0
1,3.557631167503982,1.252762968495368,1,1,0,3,0.6931471805599453,0,0,0.0,0,0,2.833213344056216,0
0,3.2676659890376327,2.6026896854443837,1,1,2,3,0.6931471805599453,0,0,0.0,1,0,6.968850378341948,0
1,3.5765502691400166,1.252762968495368,1,1,1,0,0.4054651081081644,0,0,0.0,0,0,0.0,0
1,3.3558512798952784,0.5596157879354227,1,1,9,2,0.1527210870176639,0,0,0.0,1,0,5.529429087511423,0
1,3.8780524858569927,2.0149030205422647,1,1,0,3,0.6931471805599453,0,0,0.0,1,0,5.43372200355424,0
0,3.5787855313168624,0.8109302162163288,0,0,5,2,0.4054651081081644,0,0,0.0,1,0,0.0,0
0,3.5336865647082343,1.3862943611198906,0,0,1,3,1.0986122886681098,0,0,0.0,0,0,0.0,0
1,3.367295829986474,1.3862943611198906,1,1,11,3,0.5596157879354227,0,0,0.0,1,0,4.219507705176107,0
0,3.6908774567766094,1.6094379124341003,1,1,0,3,1.3862943611198906,0,0,0.0,0,0,0.0,0
1,3.7784916128036232,1.6262950295005232,1,1,1,3,0.03922071315328133,0,0,0.0,0,0,4.61512051684126,0
1,3.329343277894172,1.1786549963416462,1,1,5,0,0.4054651081081644,0,0,0.0,1,0,8.294299608857235,0
1,3.548179572010801,1.3217558399823195,1,1,5,0,0.0,0,0,0.0,0,0,0.0,0
1,3.686877451443263,1.0116009116784799,1,1,7,3,0.4054651081081644,0,0,0.0,1,0,1.0986122886681098,0
1,4.154969184038535,2.0794415416798357,1,1,3,1,0.0,0,0,0.0,0,0,2.5649493574615367,0
2,3.504054767101863,0.9162907318741551,1,1,0,3,0.22314355131420976,0,0,0.0,1,0,4.812184355372417,0
1,3.3232358401924436,1.7047480922384253,0,0,0,0,1.252762968495368,0,0,0.0,0,0,7.099201743553092,0
1,4.1640260854229085,0.43178241642553783,1,1,0,3,0.4605844073292439,1,1,1.3862943611198906,1,0,0.0,0
1,3.3614165116503107,0.9162907318741551,1,1,11,3,1.1786549963416462,0,1,0.6931471805599453,1,0,1.3862943611198906,0
0,3.3021134234382563,1.0986122886681098,1,1,6,1,0.0,0,0,0.0,1,0,0.6931471805599453,0
1,3.142858338444285,0.4605844073292439,0,0,4,1,0.0,0,0,0.0,0,0,0.0,0
1,3.1570004211501135,2.5257286443082556,0,0,8,3,0.9162907318741551,0,0,0.0,1,0,8.294299608857235,0
1,3.457892725338701,0.9497255079603925,1,1,2,3,0.4605844073292439,0,0,0.0,1,2,0.0,0
1,3.62886402170395,1.0986122886681098,1,1,5,3,0.22314355131420976,0,0,0.0,1,0,0.0,0
0,2.833213344056216,0.1527210870176639,1,1,1,3,0.6931471805599453,0,1,1.0986122886681098,1,0,0.6931471805599453,0
1,3.741709067758469,0.8480118911208606,1,1,2,3,0.1527210870176639,0,0,0.0,0,0,0.0,0
0,3.0204248861443626,0.1527210870176639,1,1,9,3,0.03922071315328133,0,0,0.0,1,0,0.0,0
1,3.509154523167248,1.3862943611198906,1,1,2,3,0.1527210870176639,0,0,0.0,1,0,0.0,0
0,3.630985475695034,1.742219023667919,1,1,4,1,0.0,0,0,0.0,0,0,0.0,0
0,3.4420193761824107,1.8718021769015913,1,1,7,3,1.8718021769015913,0,0,0.0,1,2,0.0,0
1,3.1813816204406202,1.252762968495368,1,1,4,1,0.08157998699242285,0,0,0.0,1,0,8.34498036877057,0
1,3.326114575537799,0.43178241642553783,1,1,7,1,0.0,0,0,0.0,0,0,0.0,0
1,2.8859174075467844,0.28893129185221283,0,0,7,3,0.2546422183735808,0,0,0.0,0,2,0.0,0
1,3.2355362657613083,1.0986122886681098,1,1,3,1,0.1527210870176639,0,1,1.0986122886681098,0,0,7.170888478512505,0
1,3.780318514430718,0.8109302162163288,1,1,8,3,2.6996819514316934,0,1,0.6931471805599453,1,0,4.727387818712341,0
0,3.1675825304806504,1.9692080612801353,1,1,1,3,0.1527210870176639,0,0,0.0,0,0,6.90875477931522,0
1,3.699324711975475,0.9969486348916096,0,0,8,3,0.1527210870176639,0,0,0.0,0,2,0.0,0
0,3.201933104137889,2.5257286443082556,0,0,7,2,1.3862943611198906,0,0,0.0,1,0,2.833213344056216,0
1,3.109953417644014,0.5596157879354227,0,0,10,1,0.5596157879354227,0,0,0.0,1,0,1.0986122886681098,0
1,3.5263605246161616,1.252762968495368,0,0,11,3,2.0794415416798357,0,0,0.0,1,0,0.0,0
1,3.3079849999399764,2.6390573296152584,1,1,3,1,0.0,0,0,0.0,1,0,7.0130157896396295,0
0,3.828641396489095,1.720084432521164,1,1,7,2,0.6931471805599453,0,0,0.0,1,2,0.0,0
1,3.305053521109253,0.9321640810304452,1,1,11,3,0.11778303565638346,0,0,0.0,0,0,0.0,0
2,3.3731407838796303,0.4605844073292439,1,1,1,3,0.03922071315328133,0,0,0.0,0,0,6.912742820493176,0
0,3.0832851705618523,0.4054651081081644,0,0,3,1,0.6931471805599453,0,0,0.0,0,0,0.0,0
1,3.3901364343027307,2.740840023925201,1,1,2,3,0.11778303565638346,0,0,0.0,0,0,5.659482215759621,0
1,3.075928815548268,0.6070444815065336,0,0,0,3,1.0986122886681098,0,0,0.0,1,2,0.0,0
1,3.5672766323546874,0.8480118911208606,1,1,5,0,0.11778303565638346,0,0,0.0,1,0,8.412054873292933,0
1,3.5432754802551445,0.22314355131420976,1,1,5,0,1.6094379124341003,0,0,0.0,1,2,0.0,0
1,3.788045825608435,1.791759469228055,1,1,5,0,1.1786549963416462,0,0,0.0,1,0,0.0,0
0,3.164208423525893,2.0794415416798357,1,1,0,3,0.1527210870176639,0,0,0.0,0,0,0.0,0
0,3.231989464013584,1.252762968495368,0,0,5,0,1.7047480922384253,0,0,0.0,0,0,6.124683390894205,0
0,4.057507672170127,1.6582280766035324,0,0,4,1,1.791759469228055,0,0,0.0,1,0,1.6094379124341003,0
1,3.138966441639899,2.522523513359307,1,1,7,3,0.9497255079603925,0,0,0.0,1,0,7.10085190894405,0
1,3.5553480614894135,1.8718021769015913,0,0,0,3,0.9162907318741551,0,0,0.0,1,0,0.0,0
1,3.160398895109225,0.9162907318741551,0,0,1,3,0.43178241642553783,0,0,0.0,1,0,4.219507705176107,0
1,3.0987400236282205,0.0,1,1,0,3,0.4054651081081644,0,0,0.0,1,2,0.0,0
1,3.3203487937988347,2.7463089132193006,1,1,5,0,0.0,0,0,0.0,1,0,0.0,0
1,3.1747149290824312,0.15700374880966467,1,1,8,3,0.08157998699242285,0,0,0.0,0,2,0.0,0
1,2.7831576735890153,2.0794415416798357,1,1,3,3,0.6931471805599453,0,0,0.0,0,0,0.0,0
1,3.7116189410834255,1.791759469228055,1,1,5,0,0.19062035960864968,0,0,0.0,0,0,0.0,0
1,3.3470931226689546,2.6026896854443837,1,1,1,0,0.22314355131420976,0,0,0.0,1,0,0.0,0
1,3.248434627109745,0.43178241642553783,1,1,8,3,0.6931471805599453,0,0,0.0,1,0,0.6931471805599453,0
1,3.741709067758469,0.8109302162163288,0,0,11,3,0.22314355131420976,0,0,0.0,0,0,5.278114659230517,0
0,3.5287107019611152,0.965080896043587,1,1,2,3,0.43178241642553783,0,0,0.0,1,0,0.0,0
1,3.4284882418980587,1.1118575154181303,0,0,12,2,0.03922071315328133,0,0,0.0,0,0,0.6931471805599453,0
0,3.201933104137889,0.4605844073292439,0,0,4,1,0.11778303565638346,0,0,0.0,0,0,4.477336814478207,0
1,3.3021134234382563,2.6026896854443837,0,0,7,2,0.8109302162163288,0,0,0.0,1,0,2.8903717578961645,0
1,3.4657359027997265,1.126551657357351,1,1,0,3,0.08157998699242285,0,0,0.0,0,0,0.0,0
1,3.079613757534693,1.8058267264394905,0,0,6,3,0.2546422183735808,0,0,0.0,0,0,5.220355825078325,0
1,3.3985271531062766,0.3184537311185346,1,1,0,3,0.2546422183735808,0,0,0.0,0,0,4.9487598903781675,0
0,3.968781339246755,2.0149030205422647,1,1,5,0,1.4073217283119661,0,0,0.0,1,0,0.0,0
0,3.164208423525893,0.28893129185221283,1,1,9,3,0.5596157879354227,0,0,0.0,0,2,0.0,0
1,3.5553480614894135,1.8058267264394905,0,0,5,0,0.7347688552507647,0,0,0.0,1,0,0.0,0
0,4.255612709818223,1.9459101490553132,1,1,4,1,0.0,0,0,0.0,0,2,0.0,0
0,3.7215886285236413,2.211017899468555,0,0,7,3,0.1527210870176639,0,1,1.0986122886681098,0,0,2.9444389791664403,0
0,3.0243197304059035,0.5098251234324072,0,0,0,3,0.6931471805599453,0,1,0.6931471805599453,0,0,1.0986122886681098,0
1,2.833213344056216,1.4170660197866443,1,1,11,3,0.08157998699242285,0,1,0.6931471805599453,0,0,1.9459101490553132,0
1,2.89480635496403,0.22314355131420976,1,1,9,3,0.28893129185221283,0,1,1.6094379124341003,0,0,2.1972245773362196,0
1,3.4735180432417816,1.3441694348192195,1,1,4,1,0.0,0,1,1.791759469228055,0,0,4.990432586778736,0
1,3.264613716542055,1.3862943611198906,1,1,0,3,0.8109302162163288,0,1,0.6931471805599453,0,0,3.1354942159291497,0
0,3.164208423525893,0.5822156198526637,1,1,5,3,0.08157998699242285,0,0,0.0,0,0,0.0,0
1,3.727619282429867,0.9162907318741551,1,1,5,0,0.0,0,0,0.0,0,2,0.0,0
1,3.1463051320333655,0.37843643572024505,1,1,7,3,0.11778303565638346,0,0,0.0,1,0,4.02535169073515,0
0,3.1463051320333655,0.8109302162163288,0,0,4,1,1.4469189829363254,0,0,0.0,0,0,0.0,0
1,3.1570004211501135,0.11778303565638346,0,0,7,3,0.11778303565638346,0,0,0.0,0,0,4.2626798770413155,0
1,3.201933104137889,1.0260415958332743,1,1,0,3,0.43178241642553783,0,0,0.0,1,0,0.6931471805599453,0
1,3.674273301724574,0.5335651107354802,1,1,0,3,0.3184537311185346,0,1,1.0986122886681098,0,0,6.2166061010848646,0
0,3.317090872365156,1.264126727145683,0,0,4,1,0.0,0,0,0.0,1,0,4.110873864173311,0
1,3.58351893845611,1.252762968495368,1,1,5,3,0.6931471805599453,0,0,0.0,1,0,0.0,0
1,3.064325065019603,0.7347688552507647,1,1,9,3,0.9162907318741551,0,0,0.0,0,0,2.0794415416798357,0
1,3.415100286831147,0.8109302162163288,1,1,11,3,1.0116009116784799,0,0,0.0,0,0,0.0,0
1,3.3021134234382563,0.6070444815065336,1,1,1,3,0.7724203614544531,0,0,0.0,0,0,0.0,0
1,3.5458747596969324,1.1521530555961395,1,1,0,3,0.9162907318741551,0,0,0.0,0,1,0.0,0
1,3.2418107961506966,0.8109302162163288,1,1,0,3,0.22314355131420976,0,0,0.0,0,0,0.0,0
0,3.3558512798952784,1.1118575154181303,1,1,11,3,0.22314355131420976,0,0,0.0,1,0,3.9318256327243257,0
1,3.6506582412937387,0.6070444815065336,1,1,3,3,0.03922071315328133,0,0,0.0,0,0,1.791759469228055,0
1,3.9154172384961616,1.1908875647772805,1,1,4,1,0.2546422183735808,0,0,0.0,0,0,1.3862943611198906,0
1,3.5432754802551445,0.28893129185221283,0,0,1,3,0.08157998699242285,0,0,0.0,0,0,0.0,0
1,3.9670792111762245,1.3862943611198906,0,0,4,1,0.9162907318741551,0,0,0.0,0,0,1.6094379124341003,0
1,3.1747149290824312,1.4267162756188059,0,0,0,3,0.1527210870176639,0,0,0.0,0,0,6.9650803456014065,0
1,3.1280754605417043,0.9321640810304452,1,1,7,3,0.08157998699242285,0,0,0.0,1,0,0.0,0
1,3.2676659890376327,0.6931471805599453,1,1,1,3,0.4054651081081644,0,0,0.0,0,0,0.0,0
1,4.0873199472851365,1.3110318766193436,1,1,0,3,1.2281774930227534,0,0,0.0,1,0,0.0,0
1,2.995732273553991,0.0,0,0,4,1,0.0,0,1,1.6094379124341003,0,0,0.6931471805599453,0
1,3.0243197304059035,0.4605844073292439,1,1,4,1,0.0,0,1,1.3862943611198906,0,0,6.64639051484773,0
0,3.9950765605634317,0.1527210870176639,1,1,4,1,0.0,0,0,0.0,1,2,3.332204510175204,0
0,3.338257581888281,0.8109302162163288,1,1,4,1,0.0,0,1,0.6931471805599453,0,0,5.707110264748875,0
1,3.292869504776527,0.6286086594223741,1,1,7,3,0.3184537311185346,0,1,1.0986122886681098,1,0,1.3862943611198906,0
1,3.1813816204406202,0.0,1,1,7,3,0.6931471805599453,0,1,2.4849066497880004,0,2,0.0,0
1,3.7032753343976683,1.791759469228055,1,1,4,1,0.0,0,1,1.0986122886681098,0,0,0.6931471805599453,0
1,3.452524008827496,1.3110318766193436,0,0,8,3,0.11778303565638346,0,0,0.0,1,2,0.0,0
1,2.9041650800285006,1.3862943611198906,1,1,7,3,0.03922071315328133,0,0,0.0,1,0,3.713572066704308,0
0,2.926917957553631,0.0,0,0,6,1,0.0,0,0,0.0,0,0,0.0,0
0,3.3826272148928926,2.505525936990736,1,1,4,1,0.0,0,0,0.0,0,0,8.556606193773073,0
1,2.8622008809294686,0.11778303565638346,1,1,0,3,0.1527210870176639,0,0,0.0,0,0,0.0,0
0,3.3439213138424253,0.9802040576178078,1,1,4,1,0.0,0,0,0.0,0,0,0.6931471805599453,0
1,3.4735180432417816,0.7537718023763802,1,1,4,1,0.0,0,1,0.6931471805599453,0,0,2.995732273553991,0
1,3.044522437723423,2.0794415416798357,1,1,0,3,0.4054651081081644,0,0,0.0,0,0,0.0,0
1,3.6720964285788447,1.3862943611198906,0,0,5,0,2.0794415416798357,0,0,0.0,0,0,0.6931471805599453,0
1,3.7013019741124933,0.965080896043587,1,1,0,3,0.9162907318741551,0,0,0.0,0,0,5.758901773877281,0
1,3.624340932976365,1.6582280766035324,1,1,9,3,1.5040773967762742,0,0,0.0,0,0,3.9318256327243257,0
2,3.4258899942525267,0.5098251234324072,1,1,11,3,0.22314355131420976,0,0,0.0,1,0,0.0,0
1,3.978185207681815,0.9162907318741551,1,1,2,3,1.55814461804655,0,0,0.0,1,0,5.860786223465866,0
1,3.615501984309161,2.9509963797125995,1,1,11,3,0.08157998699242285,0,0,0.0,0,0,8.175547596021026,0
1,3.571783682237689,0.0,1,1,0,3,0.0,0,0,0.0,0,1,0.0,0
1,3.4232849781261603,0.5596157879354227,0,0,0,3,0.03922071315328133,0,0,0.0,0,0,0.0,0
1,3.615501984309161,1.8718021769015913,1,1,5,0,1.791759469228055,0,0,0.0,0,0,6.5337888379333435,0
1,3.283539338193923,0.2546422183735808,0,0,0,3,0.9162907318741551,0,0,0.0,1,0,0.0,0
0,3.2386784521643803,1.2281774930227534,0,0,0,3,0.0,0,0,0.0,0,0,0.0,0
1,3.2220707157647195,0.6286086594223741,1,1,8,3,0.08157998699242285,0,1,1.6094379124341003,0,0,7.576097340623111,0
1,3.132009891846539,0.4054651081081644,1,1,0,3,0.11778303565638346,0,0,0.0,0,0,0.0,0
0,3.6264719939853194,0.2546422183735808,1,1,4,1,0.0,0,1,2.3978952727983707,0,0,2.9444389791664403,0
0,3.1780538303479458,1.0420419371797154,1,1,6,1,0.0,0,1,0.6931471805599453,0,0,3.9889840465642745,0
0,3.3527071725017215,1.3862943611198906,1,1,8,3,1.332366019094335,0,1,0.6931471805599453,1,0,2.3978952727983707,0
1,3.4682327829983137,1.4073217283119661,1,1,0,3,1.252762968495368,0,1,1.0986122886681098,1,0,3.7376696182833684,0
0,3.4474446328274753,0.8649974374866045,1,1,11,2,0.03922071315328133,0,1,1.3862943611198906,0,0,3.5263605246161616,0
1,3.138966441639899,1.204472679367587,1,1,7,3,0.5596157879354227,0,0,0.0,0,0,0.0,0
1,2.8524391037275145,1.6262950295005232,1,1,5,2,0.34712953109520095,0,0,0.0,1,0,0.0,0
0,3.132009891846539,2.5388422834536386,1,1,7,2,0.08157998699242285,0,0,0.0,0,0,1.791759469228055,0
1,3.094672221408895,1.634130525024472,0,0,5,2,0.03922071315328133,0,0,0.0,0,0,4.61512051684126,0
1,2.913437030827161,2.0149030205422647,1,1,5,3,0.11778303565638346,0,0,0.0,0,0,4.61512051684126,0
1,3.0041963519661206,1.6094379124341003,0,0,5,3,0.6931471805599453,0,0,0.0,1,0,6.90875477931522,0
1,3.075928815548268,0.34712953109520095,1,1,0,3,0.11778303565638346,0,0,0.0,0,0,3.8066624897703196,0
1,3.3232358401924436,1.0986122886681098,1,1,2,3,0.5596157879354227,0,0,0.0,1,0,0.0,0
1,3.201933104137889,0.6070444815065336,1,1,5,2,0.08157998699242285,0,0,0.0,1,0,1.791759469228055,0
1,3.693120448371191,1.252762968495368,0,0,5,2,2.3978952727983707,0,0,0.0,1,2,0.0,0
1,3.1675825304806504,2.5257286443082556,1,1,5,3,0.34712953109520095,0,0,0.0,0,0,0.0,0
2,3.3141860046725258,1.3110318766193436,0,0,8,3,0.08157998699242285,0,0,0.0,0,2,0.0,0
0,2.8859174075467844,0.4054651081081644,1,1,5,3,0.1527210870176639,0,1,1.9459101490553132,1,0,3.58351893845611,0
1,3.1986731175506815,1.4267162756188059,0,0,7,3,0.34712953109520095,0,1,0.6931471805599453,1,0,4.394449154672439,0
0,2.908539061851614,2.3513752571634776,1,1,1,3,1.0116009116784799,0,1,2.3978952727983707,1,0,2.3978952727983707,0
1,3.2088254890146994,0.34712953109520095,0,0,0,3,0.03922071315328133,0,1,1.0986122886681098,0,0,1.9459101490553132,0
1,3.5743099993708003,0.7323678937132266,1,1,8,3,0.7724203614544531,0,0,0.0,0,2,0.0,0
1,4.328493992712843,2.995732273553991,0,0,4,1,0.03922071315328133,0,1,1.0986122886681098,0,0,5.863631175598097,0
1,3.3731407838796303,0.11778303565638346,0,0,7,3,0.08157998699242285,0,0,0.0,0,0,7.650168700845001,0
1,3.2386784521643803,2.662704099335333,0,0,1,3,0.03922071315328133,0,0,0.0,1,0,6.16541785423142,0
1,2.9871959425317045,1.5129270120532567,0,0,4,1,0.0,0,0,0.0,1,0,0.6931471805599453,0
2,3.835789699428557,0.6931471805599453,1,1,9,3,0.11778303565638346,0,0,0.0,1,0,0.0,0
0,3.8763958277849953,0.5596157879354227,1,1,9,2,1.3217558399823195,1,1,0.6931471805599453,0,0,6.794586580876499,1
1,3.2256528091472245,0.6286086594223741,1,1,9,3,1.7272209480904839,1,1,1.0986122886681098,1,0,7.601402334583733,1
1,3.6951100038645723,2.3513752571634776,1,1,8,3,2.0149030205422647,1,1,2.70805020110221,0,0,8.435549202375727,1
0,3.068052935133617,2.5521758143231037,1,1,0,2,1.9459101490553132,1,0,0.0,0,0,0.0,1
0,2.9871959425317045,1.6891728804529538,0,0,0,2,1.3862943611198906,1,0,0.0,0,0,0.0,1
1,3.0041963519661206,2.3513752571634776,1,1,11,3,0.9162907318741551,1,0,0.0,0,0,7.699389406256736,1
0,3.258096538021482,0.6286086594223741,1,1,12,2,0.712949807856125,1,0,0.0,1,0,8.676075516476429,1
1,3.0525850851467737,2.327277705584417,1,1,0,3,0.9802040576178078,1,1,1.3862943611198906,1,0,3.367295829986474,1
1,3.2865344733420154,0.4054651081081644,1,1,0,3,0.9001613499442714,1,1,1.791759469228055,1,0,0.0,1
1,3.064325065019603,2.0794415416798357,1,1,0,3,0.965080896043587,1,1,1.3862943611198906,0,0,7.238496840894365,1
1,3.597576322606223,1.6094379124341003,1,1,12,3,1.791759469228055,1,1,1.3862943611198906,1,0,7.731930721948486,1
1,3.6888794541139363,1.791759469228055,1,1,1,3,1.5040773967762742,1,1,2.3978952727983707,1,0,0.0,1
0,4.175617282350837,0.1527210870176639,1,1,4,1,0.0,1,1,0.6931471805599453,0,0,4.61512051684126,1
1,3.3758795736778655,1.8123787564307907,1,1,12,3,1.749199854809259,1,1,1.0986122886681098,0,0,2.0794415416798357,1
0,3.392829131991639,1.55814461804655,1,1,0,3,0.7347688552507647,1,1,0.6931471805599453,1,0,0.0,1
1,3.4759955917373415,3.0204248861443626,1,1,0,3,2.0794415416798357,1,1,2.833213344056216,0,0,8.517393171418904,1
0,2.991724252156452,2.302585092994046,1,1,1,3,0.5596157879354227,1,1,1.0986122886681098,0,0,6.3835066348840055,1
0,3.248434627109745,1.3862943611198906,1,1,9,2,1.0420419371797154,1,1,2.995732273553991,0,0,6.2166061010848646,1
0,3.4553698605505483,2.5649493574615367,1,1,0,3,1.0986122886681098,1,1,0.6931471805599453,0,0,2.995732273553991,1
1,3.091042453358316,1.7561322915849038,0,0,11,3,1.1786549963416462,1,1,0.6931471805599453,1,0,5.707110264748875,1
1,2.691243082785829,1.6094379124341003,0,0,11,3,1.0116009116784799,1,1,1.0986122886681098,1,0,6.90875477931522,1
0,3.8501476017100584,1.6094379124341003,1,1,6,1,0.0,1,0,0.0,0,0,6.8679744089702925,1
0,3.8139690649527576,0.0,1,1,0,3,1.252762968495368,1,0,0.0,0,0,0.0,1
1,3.056356895370426,2.39425228151987,1,1,3,1,0.0,1,0,0.0,0,0,0.0,1
1,3.164208423525893,1.264126727145683,0,0,0,2,1.2767584740515836,1,0,0.0,0,0,0.0,1
1,3.653980524955951,2.4423470353692043,1,1,12,3,2.0149030205422647,1,0,0.0,0,0,0.0,1
0,4.125843229281472,1.791759469228055,1,1,1,3,1.6094379124341003,1,1,1.6094379124341003,0,0,4.605170185988092,1
1,2.837908188360424,0.5596157879354227,1,1,0,3,1.0116009116784799,1,1,1.791759469228055,1,0,6.538139823767669,1
0,3.3731407838796303,0.3184537311185346,1,1,9,3,0.4605844073292439,1,1,1.6094379124341003,0,0,0.0,1
1,3.693120448371191,0.9969486348916096,1,1,12,3,0.11778303565638346,1,1,1.791759469228055,1,0,0.0,1
2,3.064325065019603,2.1400661634962708,1,1,7,3,0.9162907318741551,1,1,0.6931471805599453,0,0,5.459585514144159,1
0,3.4339872044851463,1.8389610707123492,1,1,3,1,1.1786549963416462,1,1,1.791759469228055,1,0,6.2166061010848646,1
1,3.170945291110651,1.3862943611198906,1,1,8,3,0.8285518175661484,1,1,0.6931471805599453,0,0,6.685860947068359,1
0,3.1570004211501135,2.2512917986064953,1,1,9,3,1.0116009116784799,1,1,2.3978952727983707,0,0,6.898714534329988,0
0,3.387098457282654,0.9802040576178078,1,1,9,3,1.2281774930227534,1,0,0.0,1,0,0.0,0
1,3.8323302365188976,0.9162907318741551,1,1,0,3,1.252762968495368,1,0,0.0,1,0,0.0,0
1,3.7513846594653333,1.0116009116784799,1,1,7,3,0.19062035960864968,1,0,0.0,0,0,0.0,0
0,4.06182137051654,0.28893129185221283,1,1,5,0,0.6931471805599453,1,0,0.0,1,0,7.6953031349635665,0
0,4.038655656361512,2.0893918725330036,1,1,7,2,2.0476928433652555,1,1,1.3862943611198906,1,0,3.9318256327243257,0
1,3.7898553714539385,3.266141017335315,1,1,9,2,0.19062035960864968,1,1,0.6931471805599453,0,0,4.51085950651685,0
0,3.270708973508218,1.126551657357351,1,1,0,2,1.3217558399823195,1,0,0.0,1,0,0.6931471805599453,0
0,3.2418107961506966,0.5128236264286637,1,1,1,2,1.0116009116784799,1,0,0.0,0,0,0.0,0
1,3.788045825608435,1.1786549963416462,1,1,5,0,0.5596157879354227,1,0,0.0,0,0,0.0,0
1,3.7357630400127864,0.6070444815065336,1,1,4,1,0.0,1,0,0.0,0,0,0.6931471805599453,0
1,3.4913427315135013,1.252762968495368,1,1,1,3,2.1400661634962708,1,0,0.0,1,0,0.0,0
0,3.553059730971402,0.9497255079603925,0,0,4,1,0.0,1,0,0.0,0,0,0.0,0
0,3.255014871484074,0.8109302162163288,1,1,4,1,0.0,1,0,0.0,0,0,0.0,0
1,3.590439381300684,1.4267162756188059,1,1,12,2,1.55814461804655,1,0,0.0,1,0,0.0,0
1,3.5624655292582776,1.0116009116784799,1,1,11,0,0.22314355131420976,1,0,0.0,1,0,0.0,0
1,4.397530821209847,1.8718021769015913,1,1,0,3,0.43178241642553783,1,0,0.0,0,0,5.831882477283517,0
1,3.01651481273652,0.9162907318741551,0,0,1,3,1.0986122886681098,1,0,0.0,1,0,3.044522437723423,0
1,3.7784916128036232,1.3862943611198906,1,1,5,0,0.6931471805599453,1,0,0.0,0,0,5.303304908059076,0
1,3.028683373693677,2.3978952727983707,0,0,7,2,0.6070444815065336,1,0,0.0,1,0,0.0,0
1,3.6197972929264925,1.566530411422824,1,1,11,3,0.7724203614544531,1,0,0.0,1,0,0.0,0
1,3.436564525499447,0.712949807856125,0,0,5,0,0.4054651081081644,1,1,2.3978952727983707,1,0,3.367295829986474,0
1,3.812202670145935,2.4849066497880004,0,0,2,3,0.9162907318741551,1,0,0.0,0,2,0.0,0
1,3.201933104137889,0.37843643572024505,0,0,11,3,1.2878542883066382,1,1,1.9459101490553132,1,0,5.8522024797744745,0
1,3.2156706939192525,0.9162907318741551,1,1,2,2,1.0560526742493137,1,1,1.9459101490553132,0,0,5.793013608384144,1
1,3.5313480661272005,0.6931471805599453,1,1,12,3,0.5596157879354227,1,1,2.0794415416798357,1,0,8.311889558230359,1
1,3.8985324152456466,2.5649493574615367,1,1,8,3,2.833213344056216,1,0,0.0,0,2,0.0,1
1,4.353498551059344,3.14802408389625,1,1,3,1,2.6210388241125804,1,1,0.6931471805599453,1,0,4.700480365792417,1
1,3.9575698203841165,2.3978952727983707,1,1,5,0,0.0,1,1,2.4849066497880004,0,0,7.130898830296347,1
1,3.5765502691400166,2.772588722239781,1,1,10,1,1.8523840910444898,1,1,2.302585092994046,1,0,4.90527477843843,1
1,3.6783239401744194,1.4667216102325051,1,1,11,3,1.6094379124341003,1,1,2.70805020110221,0,0,7.20414929203594,1
0,3.1535903581695717,2.505525936990736,0,0,12,2,0.5596157879354227,1,1,1.6094379124341003,0,0,5.774551545544408,1
1,3.759337917762498,0.3506568716131693,1,1,0,2,0.19062035960864968,1,1,1.9459101490553132,0,0,6.855408798609927,1
1,3.420346200500916,1.7047480922384253,1,1,11,3,2.1400661634962708,1,1,1.0986122886681098,1,0,0.0,1
0,3.501645852958961,0.9001613499442714,1,1,11,3,0.7347688552507647,1,1,2.833213344056216,0,0,7.640123172695364,1
1,3.9592881978952605,0.03922071315328133,1,1,12,2,0.03922071315328133,1,0,0.0,0,0,8.006700845440367,1
0,3.170945291110651,1.1908875647772805,1,1,9,2,1.1908875647772805,1,1,2.0794415416798357,1,0,7.776954403322441,1
0,3.258096538021482,2.5900171341906173,1,1,1,2,1.5040773967762742,1,1,1.9459101490553132,0,0,6.129050210060545,1
1,3.3232358401924436,0.7537718023763802,1,1,12,2,0.8109302162163288,1,0,0.0,0,0,8.575273402492762,1
1,3.191710156795431,0.9162907318741551,1,1,0,2,0.8816992871045359,1,0,0.0,0,0,5.303304908059076,1
1,3.2355362657613083,2.5903921576339775,1,1,9,2,0.9497255079603925,1,0,0.0,1,0,0.0,1
1,3.765145809567386,1.7984040119467235,1,1,9,2,2.6210388241125804,1,0,0.0,1,0,0.0,1
0,3.0832851705618523,1.3862943611198906,1,1,1,3,0.03922071315328133,1,0,0.0,0,0,0.0,1
1,3.1813816204406202,2.5257286443082556,1,1,11,2,1.1394342831883648,1,1,2.4849066497880004,1,0,5.652489180268651,1
0,3.264613716542055,1.3545456628053103,1,1,12,2,0.6286086594223741,1,0,0.0,0,0,0.0,1
1,3.786006164844659,0.3184537311185346,0,0,0,3,0.3184537311185346,1,1,2.1972245773362196,1,0,5.093750200806762,1
0,3.6041382256588457,0.6497176226326093,1,1,1,3,0.5596157879354227,1,1,1.6094379124341003,0,0,7.367708572374371,1
1,4.102643365036796,1.3217558399823195,1,1,11,3,1.0116009116784799,1,1,1.791759469228055,1,0,4.07753744390572,1
1,3.091042453358316,1.3862943611198906,0,0,2,3,0.7347688552507647,1,1,2.1972245773362196,1,0,0.6931471805599453,1
1,3.132009891846539,0.43178241642553783,0,0,12,3,0.03922071315328133,1,1,0.6931471805599453,1,0,4.0943445622221,1
0,4.192227188023968,2.70805020110221,1,1,4,1,0.0,1,1,2.4849066497880004,1,0,7.2449415463370075,1
0,3.0601145324832593,2.3978952727983707,1,1,0,2,0.6931471805599453,1,1,1.6094379124341003,0,0,7.290292882446597,1
1,3.504054767101863,0.1527210870176639,0,0,0,2,1.4469189829363254,1,1,0.6931471805599453,1,0,8.987321812850125,1
1,3.439456093779246,0.4054651081081644,1,1,0,3,1.0116009116784799,1,1,2.4849066497880004,0,0,6.293419278846481,1
1,3.264613716542055,1.9459101490553132,1,1,0,3,0.6931471805599453,1,1,1.3862943611198906,0,0,0.0,1
1,3.693120448371191,0.965080896043587,1,1,0,3,0.9162907318741551,1,1,2.3978952727983707,0,0,8.45553053102413,1
1,3.6908774567766094,1.9459101490553132,1,1,8,3,0.8285518175661484,1,1,1.791759469228055,1,0,7.001245622069476,1
1,3.486457225612979,0.6043159668533296,1,1,12,3,0.8480118911208606,1,1,2.1972245773362196,1,0,8.098946748943339,1
1,3.7376696182833684,0.03922071315328133,1,1,3,3,0.03922071315328133,0,1,0.6931471805599453,0,2,0.0,1
1,3.901972669574645,1.6582280766035324,1,1,8,3,0.11778303565638346,1,0,0.0,1,0,0.0,1
1,3.516607233172983,2.302585092994046,0,0,11,2,1.8325814637483102,1,0,0.0,1,0,0.0,1
0,3.3700506526653187,2.772588722239781,0,0,3,1,0.0,1,0,0.0,0,0,9.488956472414218,1
1,4.309724722918477,2.9311937524164198,1,1,4,1,0.0,1,0,0.0,1,0,0.0,1
1,4.175617282350837,3.044522437723423,1,1,12,2,2.917770732084279,1,1,2.302585092994046,1,0,6.90875477931522,1
1,3.9623358193017353,2.772588722239781,1,1,0,3,2.2512917986064953,1,1,2.302585092994046,0,0,0.0,1
1,3.3203487937988347,1.0116009116784799,0,0,0,3,0.6931471805599453,1,1,1.791759469228055,1,0,8.661812881026181,1
1,3.270708973508218,0.4574248470388755,1,1,0,3,0.2546422183735808,1,1,2.0794415416798357,1,0,8.54188580400661,1
1,3.439456093779246,2.0149030205422647,1,1,1,3,1.4170660197866443,1,1,2.1972245773362196,0,0,7.0909098220799835,1
1,3.332204510175204,0.5596157879354227,1,1,0,2,1.6582280766035324,1,1,1.3862943611198906,1,0,5.017279836814924,1
1,3.185112194715392,0.0,1,1,0,3,0.0,0,0,0.0,0,1,0.0,1
1,3.560193446485891,1.8325814637483102,1,1,11,3,0.08157998699242285,0,0,0.0,1,0,1.9459101490553132,1
1,3.6805952345262387,0.19062035960864968,1,1,7,3,0.08157998699242285,1,0,0.0,1,0,0.0,1
1,3.2865344733420154,0.5596157879354227,1,1,0,0,0.22314355131420976,1,0,0.0,0,0,3.1780538303479458,1
0,3.851848282392076,1.3862943611198906,1,1,0,3,1.2163953243244932,1,1,2.1972245773362196,1,0,8.333270353255308,1
0,3.1135153092103742,1.9459101490553132,1,1,1,3,1.252762968495368,1,1,1.3862943611198906,0,0,6.823286122355687,1
2,3.0483247236731614,0.11778303565638346,1,1,9,3,0.6931471805599453,0,1,0.6931471805599453,0,0,6.645090969505644,1
1,3.068052935133617,1.2281774930227534,1,1,0,3,1.0986122886681098,1,1,2.4849066497880004,1,0,8.006700845440367,1
0,3.417726683613366,0.37843643572024505,1,1,7,3,0.43178241642553783,1,1,1.6094379124341003,0,0,6.2166061010848646,1
2,3.7669972333778885,1.0116009116784799,0,0,5,3,0.0,0,0,0.0,1,0,0.6931471805599453,0
1,3.4284882418980587,0.8109302162163288,0,0,7,3,0.22314355131420976,0,0,0.0,0,0,0.0,0
1,3.0483247236731614,0.22314355131420976,1,1,9,3,0.11778303565638346,0,0,0.0,0,0,0.0,0
1,3.1954024686825586,0.4605844073292439,1,1,0,2,0.08157998699242285,1,0,0.0,0,0,0.0,0
0,3.420346200500916,1.0116009116784799,0,0,7,3,0.8109302162163288,0,0,0.0,1,0,0.0,0
1,2.8431636749093845,0.03922071315328133,1,1,0,3,0.03922071315328133,0,0,0.0,0,0,0.0,1
1,3.506457892319648,1.5040773967762742,1,1,7,3,0.4054651081081644,0,0,0.0,1,0,0.0,0
1,3.56813450791119,0.03922071315328133,0,0,2,3,1.6582280766035324,0,0,0.0,1,0,0.0,0
1,3.8883448780735685,1.641905102571602,1,1,12,0,0.08157998699242285,0,0,0.0,1,0,0.0,0
1,3.044522437723423,0.8109302162163288,0,0,7,3,0.11778303565638346,0,0,0.0,0,0,1.6094379124341003,0
1,3.3527071725017215,1.4469189829363254,0,0,9,2,1.8058267264394905,0,1,1.0986122886681098,1,0,0.6931471805599453,0
1,3.1354942159291497,0.5822156198526637,1,1,11,3,0.2546422183735808,0,1,0.6931471805599453,0,0,5.648974238161206,0
1,3.0120976276402556,2.4777981105507054,1,1,0,0,0.4605844073292439,0,1,1.0986122886681098,1,0,2.0794415416798357,0
0,3.671987586443718,1.6891728804529538,1,1,0,3,0.11778303565638346,0,0,0.0,0,0,0.0,0
1,3.415100286831147,0.8109302162163288,1,1,0,2,0.22314355131420976,0,1,1.0986122886681098,1,0,4.6913478822291435,0
1,3.164208423525893,0.5596157879354227,1,1,5,3,0.9497255079603925,0,1,0.6931471805599453,1,0,2.302585092994046,0
1,3.504054767101863,2.70805020110221,0,0,4,1,0.0,0,1,1.0986122886681098,0,0,0.6931471805599453,0
1,3.420346200500916,1.749199854809259,1,1,8,3,1.0986122886681098,0,1,0.6931471805599453,1,0,4.23410650459726,0
1,2.9663034628631793,2.434928279981759,0,0,1,3,0.11778303565638346,1,0,0.0,0,0,5.929589143389895,0
1,3.142858338444285,1.1786549963416462,1,1,5,3,0.11778303565638346,0,0,0.0,0,0,2.3978952727983707,0
1,3.164208423525893,0.1527210870176639,1,1,0,1,1.1786549963416462,0,0,0.0,1,2,0.0,1
0,3.2801590532850993,0.0,1,1,0,3,0.0,0,0,0.0,0,1,0.0,1
1,2.9871959425317045,0.0,1,1,9,3,0.5098251234324072,0,0,0.0,0,0,0.6931471805599453,0
1,3.1170645587215158,0.5822156198526637,0,0,1,3,0.5098251234324072,0,0,0.0,0,0,0.0,0
1,3.2088254890146994,2.5649493574615367,1,1,0,3,1.126551657357351,0,0,0.0,0,2,0.0,0
1,3.1354942159291497,2.17872110577166,0,0,5,0,0.1527210870176639,0,0,0.0,1,0,0.0,0
1,3.6130777406976544,1.264126727145683,1,1,4,1,0.0,0,0,0.0,0,0,6.90875477931522,0
1,3.4094961844768505,2.6390573296152584,1,1,2,2,0.4054651081081644,0,0,0.0,0,0,0.0,0
0,3.0243197304059035,0.5098251234324072,1,1,11,3,0.9802040576178078,0,0,0.0,0,0,1.791759469228055,0
0,3.1747149290824312,0.8109302162163288,1,1,9,3,0.22314355131420976,0,0,0.0,1,0,6.697034247666484,0
0,3.34109345759245,0.2546422183735808,1,1,8,2,0.11778303565638346,0,1,0.6931471805599453,1,0,4.6913478822291435,0
0,3.6826098411003407,0.9162907318741551,1,1,4,1,0.0,0,0,0.0,0,0,0.0,0
1,3.509154523167248,1.1521530555961395,0,0,7,1,0.0,0,0,0.0,0,0,0.0,0
0,3.2088254890146994,0.5364933705145685,1,1,11,3,0.22314355131420976,0,1,0.6931471805599453,1,0,1.6094379124341003,0
1,2.9533465570575532,1.2412685890696329,1,1,0,1,0.6729444732424258,0,1,1.0986122886681098,1,0,6.376726947898627,0
1,3.7357630400127864,0.4054651081081644,0,0,8,3,0.4054651081081644,0,0,0.0,1,0,0.0,0
1,3.0204248861443626,2.3594379045868283,1,1,1,3,0.5822156198526637,0,0,0.0,0,0,5.860786223465866,0
1,3.387098457282654,1.5314763709643886,1,1,1,3,0.22314355131420976,0,0,0.0,1,0,0.0,0
1,3.5995016429627196,0.5596157879354227,1,1,7,3,0.9162907318741551,0,0,0.0,1,0,0.0,0
1,3.560193446485891,1.3217558399823195,1,1,5,0,1.252762968495368,0,0,0.0,1,0,5.303304908059076,0
2,3.5313480661272005,1.1786549963416462,0,0,1,3,1.5040773967762742,0,0,0.0,1,0,4.955827057601261,0
1,3.4836986031738992,0.5596157879354227,0,0,1,3,1.5040773967762742,0,0,0.0,1,0,0.0,0
0,3.979681653901961,2.0794415416798357,1,1,1,2,1.3862943611198906,0,0,0.0,0,0,0.0,0
1,3.615501984309161,0.3506568716131693,0,0,11,3,0.2546422183735808,0,0,0.0,1,0,1.0986122886681098,0
1,3.6462328793924637,1.2988283353386147,1,1,1,3,0.1527210870176639,0,0,0.0,1,0,6.218600119691729,0
0,3.0832851705618523,2.2512917986064953,1,1,0,3,0.1527210870176639,0,0,0.0,0,0,5.863631175598097,0
1,3.2220707157647195,2.302585092994046,1,1,1,3,0.22314355131420976,0,0,0.0,1,0,0.0,0
1,3.2801590532850993,0.28893129185221283,1,1,7,2,1.5040773967762742,0,0,0.0,1,0,0.0,0
0,3.5882300459640066,1.55814461804655,1,1,4,1,0.0,0,1,1.9459101490553132,0,0,5.303304908059076,0
1,3.8934516198427107,1.55814461804655,1,1,5,0,0.6931471805599453,0,0,0.0,0,0,1.0986122886681098,0
0,2.8231630082027146,2.1546649629174235,1,1,9,3,0.11778303565638346,0,1,0.6931471805599453,1,0,5.081404364984462,0
0,3.1570004211501135,0.34712953109520095,1,1,5,3,0.28893129185221283,0,0,0.0,1,2,0.0,0
1,3.1135153092103742,2.5257286443082556,1,1,5,3,0.4054651081081644,1,0,0.0,1,0,4.23410650459726,0
0,3.201933104137889,0.6043159668533296,1,1,9,3,0.34712953109520095,0,1,0.6931471805599453,1,0,2.4849066497880004,0
0,3.094672221408895,1.791759469228055,0,0,4,1,0.0,0,0,0.0,0,0,0.0,0
1,3.283539338193923,1.4469189829363254,1,1,0,2,1.1908875647772805,0,1,0.6931471805599453,1,0,3.091042453358316,0
0,3.686877451443263,0.9802040576178078,1,1,1,3,0.22314355131420976,0,0,0.0,0,0,5.968707559985366,0
0,2.8183982582710754,0.3184537311185346,1,1,0,3,0.6931471805599453,0,0,0.0,0,0,2.9444389791664403,0
0,3.387098457282654,1.55814461804655,1,1,0,3,0.22314355131420976,0,1,0.6931471805599453,1,0,5.043425116919247,0
1,3.1463051320333655,2.302585092994046,1,1,1,3,0.08157998699242285,0,0,0.0,0,0,0.0,0
1,3.4284882418980587,1.5040773967762742,1,1,0,3,0.1527210870176639,0,0,0.0,0,0,0.0,0
0,3.1986731175506815,0.9162907318741551,1,1,11,3,0.6286086594223741,0,0,0.0,1,0,0.0,0
1,3.4989288701554906,1.6094379124341003,0,0,1,3,0.9162907318741551,0,0,0.0,1,0,0.0,0
1,3.4682327829983137,0.9162907318741551,0,0,11,3,0.03922071315328133,0,0,0.0,0,2,0.0,0
1,3.4913427315135013,0.03922071315328133,0,0,8,3,0.03922071315328133,0,0,0.0,0,0,0.0,0
0,3.1245651453969594,2.545531271604435,1,1,0,3,0.22314355131420976,0,0,0.0,1,0,0.0,0
0,2.940219563623732,0.43178241642553783,1,1,0,3,1.0116009116784799,0,1,0.6931471805599453,1,0,1.791759469228055,0
1,3.4445761049641006,0.4054651081081644,1,1,2,2,0.08157998699242285,0,0,0.0,1,2,0.0,0
1,3.9670792111762245,1.1118575154181303,0,0,4,1,0.9162907318741551,0,0,0.0,0,0,0.6931471805599453,0
1,3.8747364206421295,1.9220564701759129,1,1,11,3,1.8718021769015913,0,0,0.0,0,0,5.017279836814924,0
1,3.2895206644375325,2.6272016132388893,1,1,1,3,0.4054651081081644,0,0,0.0,0,0,1.0986122886681098,0
0,3.9367156180185177,0.6070444815065336,1,1,1,3,0.4054651081081644,0,0,0.0,1,0,4.770684624465665,0
2,3.417726683613366,1.0986122886681098,0,0,3,2,1.0986122886681098,0,0,0.0,0,0,2.8903717578961645,0
0,3.6462328793924637,1.252762968495368,1,1,5,2,0.19062035960864968,0,0,0.0,0,0,5.509388336627977,0
0,3.7513846594653333,0.712949807856125,1,1,1,3,0.5098251234324072,0,0,0.0,0,0,5.472270673671475,0
0,3.452524008827496,2.4565929054733933,1,1,9,2,0.08157998699242285,0,1,2.5649493574615367,1,0,1.3862943611198906,0
1,3.01651481273652,2.1102132003465894,1,1,8,3,0.03922071315328133,0,1,0.6931471805599453,0,0,0.6931471805599453,0
0,2.940219563623732,2.4168062370840686,1,1,4,1,0.0,0,0,0.0,0,0,3.9318256327243257,0
0,3.0483247236731614,0.8109302162163288,1,1,0,3,0.0,0,0,0.0,0,0,0.0,0
1,3.0204248861443626,0.2546422183735808,1,1,7,3,0.2546422183735808,0,0,0.0,0,0,5.8998973535824915,0
1,3.3614165116503107,0.6931471805599453,0,0,2,2,1.3862943611198906,0,0,0.0,0,0,6.2878585601617845,0
1,2.89480635496403,1.4562867329399256,1,1,5,3,0.28893129185221283,0,0,0.0,1,0,1.0986122886681098,0
1,3.6222053208459437,0.5596157879354227,0,0,2,3,0.4605844073292439,0,0,0.0,0,0,1.3862943611198906,0
1,3.727619282429867,1.4562867329399256,1,1,8,3,1.5040773967762742,0,0,0.0,1,2,0.0,0
1,3.094672221408895,2.405592843068275,0,0,3,2,0.8109302162163288,0,0,0.0,0,0,0.0,0
0,3.164208423525893,0.5596157879354227,1,1,0,3,1.0986122886681098,0,1,1.0986122886681098,1,0,5.978885764901121,0
0,3.2676659890376327,2.6741486494265287,0,0,4,1,1.0986122886681098,0,1,0.6931471805599453,1,0,0.6931471805599453,0
1,2.940219563623732,0.18647956694261839,1,1,1,3,0.03922071315328133,0,0,0.0,0,0,6.621405651764134,0
1,3.58351893845611,1.4759065198095778,1,1,0,2,2.2289385528257473,0,0,0.0,1,0,0.0,0
